{
  "Workflows": [
    {
      "Path": null,
      "SortBy": 0,
      "VariablesSectionElementsOrder": [],
      "ArgumentsSectionElementsOrder": null,
      "ConstantsSectionElementsOrder": [],
      "AddedNamespaces": null
    },
    {
      "Path": "Main.xaml",
      "SortBy": 0,
      "VariablesSectionElementsOrder": [
        "pharasesToSearch&Sequence_12",
        "researchSummary&Sequence_2",
        "keyPhrases&Sequence_2",
        "searchPhrases&Sequence_2",
        "phrase&Sequence_2",
        "stopWords&Sequence_2",
        "wordList&Sequence_2",
        "filteredWords&Sequence_2",
        "filteredKeywords&Sequence_2",
        "finalPhrases&Sequence_2",
        "researchFolderPath&Sequence_2",
        "researchFiles&Sequence_2",
        "dataFolder&Sequence_2",
        "dataFolderPath&Sequence_2",
        "pdfText&Sequence_9",
        "count&Sequence_9",
        "aiResponce&Sequence_11",
        "count1&Sequence_11"
      ],
      "ArgumentsSectionElementsOrder": [],
      "ConstantsSectionElementsOrder": [],
      "AddedNamespaces": null
    }
  ]
}